WorkerId,AnonId
A3HV2N02KRIBLZ,anon-0
A37X8JDIX4RTD4,anon-1
A33PQ82H3RE4W4,anon-2
A197AERSF5SIS4,anon-3
A23A17NMHEJX9A,anon-4
A3K3VHDPCTI2Q,anon-5
AMNRYECHXZY34,anon-6
A3URP68C33ZL5K,anon-7
A29AX5O8KL48F8,anon-8
A15FXHC1CVNW31,anon-9
AP5NZ8KS6M3R6,anon-10
A3K0TCD0S67NV7,anon-11
A1PAY3X73PQ16S,anon-12
A3RRCLDVNSFS6H,anon-13
A2L7S6RZOZ6NM9,anon-14
A1FT9ULHD73QOM,anon-15
A3B5UFOTPU1TQJ,anon-16
ADSMCF77QKDJI,anon-17
ALDQRWYZ8KQ9A,anon-18
A3VD7MZYFRM455,anon-19
A3O6W9QPLOKBGS,anon-20
A1BS7SM261V0UH,anon-21
AU6ZURVHX4KPT,anon-22
A3IRHGHJ3N24YI,anon-23
A248G7WMC2OS7F,anon-24
A2BOYVIC716BAC,anon-25
A2TNWEUG6H613X,anon-26
AREM7YQQNJ6PL,anon-27
A22KRF782ELLB0,anon-28
A147LORJASWY0V,anon-29
A18F73ULAJ2XAZ,anon-30
A273MBP5H8TFKB,anon-31
A3QHITQ4ZG3MHY,anon-32
AR5E0ZVWKJA95,anon-33
APPW10IQ795UR,anon-34
APG8FREAKLXMG,anon-35
A62LZWGKLMBT2,anon-36
A1UFMQDQXFVAJL,anon-37
A3CF8ULBSE8MTL,anon-38
A58OVAWOR5PTS,anon-39
A3PDHDQZZKCTT5,anon-40
A2U5DNTSCAKY1P,anon-41
A3S4ZDSPYCDH3D,anon-42
AOTF48KUV9KWM,anon-43
A18T67NDI2JK5Y,anon-44
A1GRN111GB7MPR,anon-45
AW0225ONUAPO5,anon-46
AYB2R18XI2J4X,anon-47
A31AYURG5Z3M83,anon-48
A4ACN0KN920QQ,anon-49
